email,password,nombre
del001@pruebas.mercadito.mx,Pruebas2026!,Juan Garcia
del002@pruebas.mercadito.mx,Pruebas2026!,Maria Martinez
del003@pruebas.mercadito.mx,Pruebas2026!,Pedro Lopez
del004@pruebas.mercadito.mx,Pruebas2026!,Ana Rodriguez
del005@pruebas.mercadito.mx,Pruebas2026!,Luis Hernandez
del006@pruebas.mercadito.mx,Pruebas2026!,Carmen Perez
del007@pruebas.mercadito.mx,Pruebas2026!,Jose Sanchez
del008@pruebas.mercadito.mx,Pruebas2026!,Guadalupe Ramirez
del009@pruebas.mercadito.mx,Pruebas2026!,Miguel Flores
del010@pruebas.mercadito.mx,Pruebas2026!,Sofia Cruz
del011@pruebas.mercadito.mx,Pruebas2026!,Carlos Morales
del012@pruebas.mercadito.mx,Pruebas2026!,Rosa Gomez
del013@pruebas.mercadito.mx,Pruebas2026!,Fernando Reyes
del014@pruebas.mercadito.mx,Pruebas2026!,Lucia Diaz
del015@pruebas.mercadito.mx,Pruebas2026!,Jorge Torres
del016@pruebas.mercadito.mx,Pruebas2026!,Elena Gonzalez
del017@pruebas.mercadito.mx,Pruebas2026!,Ricardo Vazquez
del018@pruebas.mercadito.mx,Pruebas2026!,Patricia Castillo
del019@pruebas.mercadito.mx,Pruebas2026!,Roberto Mendoza
del020@pruebas.mercadito.mx,Pruebas2026!,Teresa Ramos
del021@pruebas.mercadito.mx,Pruebas2026!,Alejandro Ortiz
del022@pruebas.mercadito.mx,Pruebas2026!,Veronica Moreno
del023@pruebas.mercadito.mx,Pruebas2026!,Daniel Jimenez
del024@pruebas.mercadito.mx,Pruebas2026!,Monica Castro
del025@pruebas.mercadito.mx,Pruebas2026!,Francisco Rivera
del026@pruebas.mercadito.mx,Pruebas2026!,Gabriela Medina
del027@pruebas.mercadito.mx,Pruebas2026!,Eduardo Vargas
del028@pruebas.mercadito.mx,Pruebas2026!,Claudia Romero
del029@pruebas.mercadito.mx,Pruebas2026!,Manuel Herrera
del030@pruebas.mercadito.mx,Pruebas2026!,Adriana Aguilar
del031@pruebas.mercadito.mx,Pruebas2026!,Arturo Chavez
del032@pruebas.mercadito.mx,Pruebas2026!,Silvia Mendoza
del033@pruebas.mercadito.mx,Pruebas2026!,Gerardo Salazar
del034@pruebas.mercadito.mx,Pruebas2026!,Leticia Gutierrez
del035@pruebas.mercadito.mx,Pruebas2026!,Raul Ruiz
del036@pruebas.mercadito.mx,Pruebas2026!,Marta Delgado
del037@pruebas.mercadito.mx,Pruebas2026!,Sergio Nunez
del038@pruebas.mercadito.mx,Pruebas2026!,Diana Campos
del039@pruebas.mercadito.mx,Pruebas2026!,Mario Miranda
del040@pruebas.mercadito.mx,Pruebas2026!,Andrea Soto
del041@pruebas.mercadito.mx,Pruebas2026!,Oscar Garcia
del042@pruebas.mercadito.mx,Pruebas2026!,Paola Martinez
del043@pruebas.mercadito.mx,Pruebas2026!,Hector Lopez
del044@pruebas.mercadito.mx,Pruebas2026!,Natalia Rodriguez
del045@pruebas.mercadito.mx,Pruebas2026!,Alfredo Hernandez
del046@pruebas.mercadito.mx,Pruebas2026!,Yolanda Perez
del047@pruebas.mercadito.mx,Pruebas2026!,Julio Sanchez
del048@pruebas.mercadito.mx,Pruebas2026!,Alicia Ramirez
del049@pruebas.mercadito.mx,Pruebas2026!,Victor Flores
del050@pruebas.mercadito.mx,Pruebas2026!,Pilar Cruz
del051@pruebas.mercadito.mx,Pruebas2026!,Enrique Morales
del052@pruebas.mercadito.mx,Pruebas2026!,Lourdes Gomez
del053@pruebas.mercadito.mx,Pruebas2026!,Felipe Reyes
del054@pruebas.mercadito.mx,Pruebas2026!,Esperanza Diaz
del055@pruebas.mercadito.mx,Pruebas2026!,Andres Torres
del056@pruebas.mercadito.mx,Pruebas2026!,Isabel Gonzalez
del057@pruebas.mercadito.mx,Pruebas2026!,Ramon Vazquez
del058@pruebas.mercadito.mx,Pruebas2026!,Angela Castillo
del059@pruebas.mercadito.mx,Pruebas2026!,Antonio Mendoza
del060@pruebas.mercadito.mx,Pruebas2026!,Norma Ramos
del061@pruebas.mercadito.mx,Pruebas2026!,Diego Ortiz
del062@pruebas.mercadito.mx,Pruebas2026!,Cristina Moreno
del063@pruebas.mercadito.mx,Pruebas2026!,Jesus Jimenez
del064@pruebas.mercadito.mx,Pruebas2026!,Susana Castro
del065@pruebas.mercadito.mx,Pruebas2026!,Pablo Rivera
del066@pruebas.mercadito.mx,Pruebas2026!,Liliana Medina
del067@pruebas.mercadito.mx,Pruebas2026!,Javier Vargas
del068@pruebas.mercadito.mx,Pruebas2026!,Valentina Romero
del069@pruebas.mercadito.mx,Pruebas2026!,Emilio Herrera
del070@pruebas.mercadito.mx,Pruebas2026!,Camila Aguilar
del071@pruebas.mercadito.mx,Pruebas2026!,Gustavo Chavez
del072@pruebas.mercadito.mx,Pruebas2026!,Daniela Mendoza
del073@pruebas.mercadito.mx,Pruebas2026!,Agustin Salazar
del074@pruebas.mercadito.mx,Pruebas2026!,Ximena Gutierrez
del075@pruebas.mercadito.mx,Pruebas2026!,Ruben Ruiz
del076@pruebas.mercadito.mx,Pruebas2026!,Renata Delgado
del077@pruebas.mercadito.mx,Pruebas2026!,Martin Nunez
del078@pruebas.mercadito.mx,Pruebas2026!,Jimena Campos
del079@pruebas.mercadito.mx,Pruebas2026!,Tomas Miranda
del080@pruebas.mercadito.mx,Pruebas2026!,Abril Soto
del081@pruebas.mercadito.mx,Pruebas2026!,Juan Garcia
del082@pruebas.mercadito.mx,Pruebas2026!,Maria Martinez
del083@pruebas.mercadito.mx,Pruebas2026!,Pedro Lopez
del084@pruebas.mercadito.mx,Pruebas2026!,Ana Rodriguez
del085@pruebas.mercadito.mx,Pruebas2026!,Luis Hernandez
del086@pruebas.mercadito.mx,Pruebas2026!,Carmen Perez
del087@pruebas.mercadito.mx,Pruebas2026!,Jose Sanchez
del088@pruebas.mercadito.mx,Pruebas2026!,Guadalupe Ramirez
del089@pruebas.mercadito.mx,Pruebas2026!,Miguel Flores
del090@pruebas.mercadito.mx,Pruebas2026!,Sofia Cruz
del091@pruebas.mercadito.mx,Pruebas2026!,Carlos Morales
del092@pruebas.mercadito.mx,Pruebas2026!,Rosa Gomez
del093@pruebas.mercadito.mx,Pruebas2026!,Fernando Reyes
del094@pruebas.mercadito.mx,Pruebas2026!,Lucia Diaz
del095@pruebas.mercadito.mx,Pruebas2026!,Jorge Torres
del096@pruebas.mercadito.mx,Pruebas2026!,Elena Gonzalez
del097@pruebas.mercadito.mx,Pruebas2026!,Ricardo Vazquez
del098@pruebas.mercadito.mx,Pruebas2026!,Patricia Castillo
del099@pruebas.mercadito.mx,Pruebas2026!,Roberto Mendoza
del100@pruebas.mercadito.mx,Pruebas2026!,Teresa Ramos
